{"stat.useItem.minecraft.quartz_block":33,"stat.pickup.minecraft.redstone_torch":294,"stat.pickup.minecraft.sign":6,"stat.useItem.minecraft.stone":122,"stat.useItem.minecraft.repeater":177,"stat.leaveGame":7,"stat.pickup.minecraft.wooden_pressure_plate":7,"stat.useItem.minecraft.glowstone":1,"stat.useItem.minecraft.bedrock":5,"stat.jump":369,"stat.pickup.minecraft.gunpowder":640,"stat.crouchOneCm":858,"stat.useItem.minecraft.redstone_torch":166,"stat.useItem.minecraft.dirt":500,"achievement.exploreAllBiomes":{"value":0,"progress":["Plains"]},"stat.craftingTableInteraction":6,"stat.dropperInspected":10,"stat.useItem.minecraft.redstone_lamp":46,"stat.pickup.minecraft.repeater":1,"stat.pickup.minecraft.cookie":10,"stat.damageTaken":560,"stat.pickup.minecraft.dye":64,"stat.flyOneCm":32717,"stat.pickup.minecraft.redstone":402,"stat.useItem.minecraft.wool":180,"stat.timeSinceDeath":64139,"stat.useItem.minecraft.sign":58,"stat.useItem.minecraft.crafting_table":1,"stat.useItem.minecraft.iron_door":22,"stat.walkOneCm":1740556,"stat.pickup.minecraft.firework_charge":2,"stat.useItem.minecraft.lever":47,"stat.pickup.minecraft.crafting_table":2,"stat.useItem.minecraft.comparator":3,"stat.pickup.minecraft.redstone_lamp":1,"stat.pickup.minecraft.wooden_button":1,"stat.useItem.minecraft.redstone_block":1,"stat.useItem.minecraft.redstone":782,"stat.useItem.minecraft.item_frame":2,"stat.useItem.minecraft.dropper":2,"stat.useItem.minecraft.leaves":877,"stat.sprintOneCm":12405,"stat.pickup.minecraft.paper":322,"stat.useItem.minecraft.fireworks":5,"stat.useItem.minecraft.stone_slab":1,"achievement.openInventory":125,"stat.pickup.minecraft.fireworks":254,"stat.useItem.minecraft.wooden_button":3,"stat.useItem.minecraft.stone_pressure_plate":2,"stat.useItem.minecraft.wooden_pressure_plate":6,"stat.useItem.minecraft.stonebrick":90,"stat.pickup.minecraft.lever":20,"stat.deaths":4,"stat.useItem.minecraft.monster_egg":1,"stat.useItem.minecraft.cobblestone_wall":16,"stat.pickup.minecraft.iron_door":8,"stat.playOneMinute":666552,"stat.sneakTime":637}